{
  "detection": {
    "model_path": "",
    "input_height": 512,
    "input_width": 512,
    "num_classes": 5,
    "box_per_cell": 8,
    "anchors": [
      [  7.39017521,  29.87822186],
      [  8.52579326,  41.47462767],
      [  8.60805811,  12.06419078],
      [ 10.78343325,  22.53413951],
      [ 11.55054579,  42.09234482],
      [ 13.00591712,  12.86045972],
      [ 15.85166626,  76.01056179],
      [ 16.28079519,  61.84092015],
      [ 19.67591373,  10.70398207],
      [ 20.19465478,  26.3285968 ],
      [ 24.57255949,  43.25374518],
      [ 31.82014649, 117.46044139],
      [ 33.82919385, 153.42967699],
      [ 42.36142939,  54.19031584],
      [ 58.24687917, 237.39454444],
      [ 89.06488023, 123.91409146]
    ],
    "min_layer": 4,
    "output_names": [
      ["loc1", "cls1"],
      ["loc2", "cls2"],
      ["loc3", "cls3"]
    ]
  },

  "segmentation": {
    "model_path": "",

    "input_height": 512,
    "input_width": 512,

    "num_classes": 14,

    "output_names": [
      "seg"
    ]
  },

  "sign_classif": {
    "model_path": " ",
    "input_height": 64,
    "input_width": 64,
    "num_classes": 101,
    "num_numbers": 21,
    "signs_with_digits_value": [
      1,
      167,
      2,
      3,
      166
    ],
    "skip": [
      0
    ],
    "mapping": [
      143,
      178,
      112,
      120,
      46,
      38,
      49,
      0,
      86,
      189,
      183,
      116,
      19,
      184,
      123,
      50,
      188,
      187,
      56,
      28,
      1,
      97,
      135,
      131,
      169,
      42,
      167,
      33,
      0,
      77,
      27,
      142,
      172,
      168,
      181,
      111,
      89,
      43,
      180,
      179,
      153,
      36,
      30,
      163,
      0,
      176,
      81,
      162,
      39,
      55,
      53,
      96,
      0,
      141,
      15,
      190,
      47,
      127,
      2,
      173,
      40,
      0,
      73,
      0,
      125,
      185,
      58,
      3,
      104,
      159,
      105,
      13,
      118,
      85,
      157,
      78,
      41,
      177,
      100,
      128,
      80,
      68,
      0,
      134,
      57,
      61,
      186,
      113,
      122,
      174,
      130,
      0,
      14,
      175,
      17,
      166,
      59,
      62,
      35,
      70,
      182
    ],
    "output_names": [
      "label",
      "digit"
    ]
  },

  "seg_detect": {
    "model_path": "",

    "input_width": 512,
    "input_height": 512,
    "detect_num_classes": 5,
    "seg_num_classes": 14,
    "anchors": [
      [  7.92272727,  13.59090909],
      [  9.88224527,  25.34655276],
      [ 11.58417826,  10.5180382 ],
      [ 12.01459531,  26.69792126],
      [ 17.45715895,  43.30045093],
      [ 17.58450692,  38.39436593],
      [ 18.17913385,  49.09793305],
      [ 18.25986931,  21.88170433],
      [ 18.31858545,  14.93192086],
      [ 26.93258425,  61.27287315],
      [ 29.95791933,  81.02396255],
      [ 31.81818165,  72.33155042],
      [ 31.82902385,  37.38284225],
      [ 34.61081076,  21.21891889],
      [ 39.23428731,  29.85430696],
      [ 46.97560972, 126.21951209],
      [ 49.01369236,  15.61433135],
      [ 49.60655724,  83.04098338],
      [ 57.15950885, 118.62576614],
      [ 62.42883077,  54.84458967],
      [ 72.50974957,  51.84905473],
      [ 75.41206884, 195.9655169 ],
      [ 96.82758537, 185.78448116],
      [ 99.06302507, 101.68207269],
      [123.6278371,   86.90654204],
      [127.4629606,  319.96295704],
      [138.40816256, 341.86224315],
      [202.31375622, 150.04805272],
      [222.9999903,  466.47824059],
      [337.33451429, 269.33522306]
    ],
    "detection_min_layer": 3,
    "box_per_cell": 10,
    "seg_output_names": [
      "argmax_0",
      "seg"
    ],
    "detect_output_names": [
      ["loc1", "cls1"],
      ["loc2", "cls2"],
      ["loc3", "cls3"]
    ]
  }
}
